{
    "pools": [
        {
			"name": "wizardry",
            "rolls": 1,
            "entries": [
                {
                    "type": "item",
                    "name": "ebwizardry:spell_book",
                    "weight": 1,
                    "functions": [
                        {
                            "function": "ebwizardry:random_spell",
                            "tiers": [
                                "novice",
                                "apprentice",
                                "advanced"
                            ]
                        }
                    ]
                }
            ]
        }
    ]
}