{
	"credit": "Made with Blockbench",
	"parent": "block/block",
	"textures": {
		"books": "ebwizardry:blocks/books"
	},
	"elements": [
		{
			"name": "book5",
			"from": [1, 9, 2],
			"to": [3, 14, 6],
			"faces": {
				"north": {"uv": [0, 5, 2, 10], "texture": "#books"},
				"east": {"uv": [6, 5, 2, 10], "texture": "#books"},
				"south": {"uv": [6, 5, 8, 10], "texture": "#books"},
				"west": {"uv": [2, 5, 6, 10], "texture": "#books"},
				"up": {"uv": [8, 5, 10, 9], "texture": "#books"}
			}
		},
		{
			"name": "book5",
			"from": [13, 9, 10],
			"to": [15, 14, 14],
			"faces": {
				"north": {"uv": [6, 5, 8, 10], "texture": "#books"},
				"east": {"uv": [2, 5, 6, 10], "texture": "#books"},
				"south": {"uv": [0, 5, 2, 10], "texture": "#books"},
				"west": {"uv": [6, 5, 2, 10], "texture": "#books"},
				"up": {"uv": [8, 5, 10, 9], "rotation": 180, "texture": "#books"}
			}
		}
	]
}