{
	"credit": "Made with Blockbench",
	"parent": "block/block",
	"textures": {
		"books": "ebwizardry:blocks/books"
	},
	"elements": [
		{
			"name": "book10",
			"from": [4, 1, 2],
			"to": [6, 6, 6],
			"faces": {
				"north": {"uv": [0, 10, 2, 15], "texture": "#books"},
				"east": {"uv": [6, 10, 2, 15], "texture": "#books"},
				"south": {"uv": [6, 10, 8, 15], "texture": "#books"},
				"west": {"uv": [2, 10, 6, 15], "texture": "#books"},
				"up": {"uv": [8, 10, 10, 14], "texture": "#books"}
			}
		},
		{
			"name": "book10",
			"from": [10, 1, 10],
			"to": [12, 6, 14],
			"faces": {
				"north": {"uv": [6, 10, 8, 15], "texture": "#books"},
				"east": {"uv": [2, 10, 6, 15], "texture": "#books"},
				"south": {"uv": [0, 10, 2, 15], "texture": "#books"},
				"west": {"uv": [6, 10, 2, 15], "texture": "#books"},
				"up": {"uv": [8, 10, 10, 14], "rotation": 180, "texture": "#books"}
			}
		}
	]
}