{
    "parent": "block/block",
    "textures": {
        "particle": "ebwizardry:blocks/imbuement_altar_bottom",
        "bottom": "ebwizardry:blocks/imbuement_altar_bottom",
        "top": "ebwizardry:blocks/imbuement_altar_top",
        "side": "ebwizardry:blocks/imbuement_altar_side",
        "top_overlay": "ebwizardry:blocks/imbuement_altar_top_overlay",
        "side_overlay": "ebwizardry:blocks/imbuement_altar_side_overlay"
    },
    "elements": [
        {
            "from": [ 0, 0, 0 ],
            "to": [ 16, 12, 16 ],
            "faces": {
                "down":  { "uv": [ 0, 0, 16, 16 ], "texture": "#bottom", "cullface": "down" },
                "up":    { "uv": [ 0, 0, 16, 16 ], "texture": "#top" },
                "north": { "uv": [ 0, 4, 16, 16 ], "texture": "#side", "cullface": "north" },
                "south": { "uv": [ 0, 4, 16, 16 ], "texture": "#side", "cullface": "south" },
                "west":  { "uv": [ 0, 4, 16, 16 ], "texture": "#side", "cullface": "west" },
                "east":  { "uv": [ 0, 4, 16, 16 ], "texture": "#side", "cullface": "east" }
            }
        },
        {
            "from": [ 0, 0, 0 ],
            "to": [ 16, 12, 16 ],
            "faces": {
                "up":    { "uv": [ 0, 0, 16, 16 ], "texture": "#top_overlay" },
                "north": { "uv": [ 0, 4, 16, 16 ], "texture": "#side_overlay", "cullface": "north" },
                "south": { "uv": [ 0, 4, 16, 16 ], "texture": "#side_overlay", "cullface": "south" },
                "west":  { "uv": [ 0, 4, 16, 16 ], "texture": "#side_overlay", "cullface": "west" },
                "east":  { "uv": [ 0, 4, 16, 16 ], "texture": "#side_overlay", "cullface": "east" }
            }
        }
    ]
}
