{
    "pools": [
		{
			"name": "spectral_dust",
			"rolls": 1,
			"entries": [
				{
					"type": "item",
                    "name": "ebwizardry:spectral_dust",
                    "weight": 1,
                    "functions": [
						{
							"function": "set_count",
							"count": {
								"min": 0,
								"max": 1
							}
						},
						{
							"function": "minecraft:set_data",
							"data": 1
                        }
                    ]
				}
			]
		}
    ]
}