{
	"credit": "Made with Blockbench",
	"textures": {
		"0": "ebwizardry:entity/lightning_hammer",
		"particle": "ebwizardry:entity/lightning_hammer"
	},
	"elements": [
		{
			"name": "hammer_head",
			"from": [-2, 1, 2],
			"to": [18, 13, 14],
			"faces": {
				"north": {"uv": [3, 3, 8, 6], "texture": "#0"},
				"east": {"uv": [0, 3, 3, 6], "texture": "#0"},
				"south": {"uv": [11, 3, 16, 6], "texture": "#0"},
				"west": {"uv": [8, 3, 11, 6], "texture": "#0"},
				"up": {"uv": [3, 0, 8, 3], "texture": "#0"},
				"down": {"uv": [8, 0, 13, 3], "texture": "#0"}
			}
		},
		{
			"name": "handle",
			"from": [6, 13, 6],
			"to": [10, 27, 10],
			"faces": {
				"north": {"uv": [1, 7, 2, 10.5], "texture": "#0"},
				"east": {"uv": [0, 7, 1, 10.5], "texture": "#0"},
				"south": {"uv": [3, 7, 4, 10.5], "texture": "#0"},
				"west": {"uv": [2, 7, 3, 10.5], "texture": "#0"},
				"up": {"uv": [1, 6, 2, 7], "texture": "#0"},
				"down": {"uv": [2, 6, 3, 7], "texture": "#0"}
			}
		},
		{
			"name": "handle_end",
			"from": [5.5, 27, 5.5],
			"to": [10.5, 32, 10.5],
			"faces": {
				"north": {"uv": [1.25, 13.5, 2.5, 14.75], "texture": "#0"},
				"east": {"uv": [0, 13.5, 1.25, 14.75], "texture": "#0"},
				"south": {"uv": [3.75, 13.5, 5, 14.75], "texture": "#0"},
				"west": {"uv": [2.5, 13.5, 3.75, 14.75], "texture": "#0"},
				"up": {"uv": [1.25, 12.25, 2.5, 13.5], "texture": "#0"},
				"down": {"uv": [2.5, 12.25, 3.75, 13.5], "texture": "#0"}
			}
		},
		{
			"name": "handle_base",
			"from": [5.5, 13, 5.5],
			"to": [10.5, 15, 10.5],
			"faces": {
				"north": {"uv": [1.25, 11.75, 2.5, 12.25], "texture": "#0"},
				"east": {"uv": [0, 11.75, 1.25, 12.25], "texture": "#0"},
				"south": {"uv": [3.75, 11.75, 5, 12.25], "texture": "#0"},
				"west": {"uv": [2.5, 11.75, 3.75, 12.25], "texture": "#0"},
				"up": {"uv": [1.25, 10.5, 2.5, 11.75], "texture": "#0"},
				"down": {"uv": [2.5, 10.5, 3.75, 11.75], "texture": "#0"}
			}
		},
		{
			"name": "ring1",
			"from": [0, 0, 1],
			"to": [2, 14, 15],
			"faces": {
				"north": {"uv": [8.5, 9.5, 9, 13], "texture": "#0"},
				"east": {"uv": [5, 9.5, 8.5, 13], "texture": "#0"},
				"south": {"uv": [12.5, 9.5, 13, 13], "texture": "#0"},
				"west": {"uv": [9, 9.5, 12.5, 13], "texture": "#0"},
				"up": {"uv": [8.5, 6, 9, 9.5], "texture": "#0"},
				"down": {"uv": [9, 6, 9.5, 9.5], "texture": "#0"}
			}
		},
		{
			"name": "ring2",
			"from": [14, 0, 1],
			"to": [16, 14, 15],
			"faces": {
				"north": {"uv": [8.5, 9.5, 9, 13], "texture": "#0"},
				"east": {"uv": [5, 9.5, 8.5, 13], "texture": "#0"},
				"south": {"uv": [12.5, 9.5, 13, 13], "texture": "#0"},
				"west": {"uv": [9, 9.5, 12.5, 13], "texture": "#0"},
				"up": {"uv": [8.5, 6, 9, 9.5], "texture": "#0"},
				"down": {"uv": [9, 6, 9.5, 9.5], "texture": "#0"}
			}
		}
	],
	"display": {
		"thirdperson_righthand": {
			"rotation": [90, 90, 90],
			"translation": [0, 10, 2],
			"scale": [0.75, 0.75, 0.75]
		},
		"thirdperson_lefthand": {
			"rotation": [90, 90, 90],
			"translation": [0.1, 10, 2],
			"scale": [0.75, 0.75, 0.75]
		},
		"firstperson_righthand": {
			"rotation": [90, 90, 90],
			"translation": [0.1, 10, 2],
			"scale": [0.75, 0.75, 0.75]
		},
		"firstperson_lefthand": {
			"rotation": [90, 90, 90],
			"translation": [0, 10, 2],
			"scale": [0.75, 0.75, 0.75]
		},
		"ground": {
			"scale": [0.75, 0.75, 0.75]
		},
		"gui": {
			"rotation": [0, -26, 135],
			"translation": [1, 1.5, 0],
			"scale": [0.45, 0.45, 0.45]
		},
		"fixed": {
			"rotation": [0, 0, -135],
			"translation": [-2, 2, 0],
			"scale": [0.6, 0.6, 0.6]
		}
	}
}