{
	"parent": "block/block",
    "textures": {
        "particle": "#rune"
    },
    "elements": [
        {
			"from": [ 0, 0, 0 ],
            "to": [ 16, 16, 16 ],
            "faces": {
                "down":  { "uv": [ 0, 0, 16, 16 ], "texture": "#side", "cullface": "down" },
                "up":    { "uv": [ 0, 0, 16, 16 ], "texture": "#side", "cullface": "up" },
                "north": { "uv": [ 0, 0, 16, 16 ], "texture": "#rune", "cullface": "north" },
                "south": { "uv": [ 0, 0, 16, 16 ], "texture": "#side", "cullface": "south" },
                "west":  { "uv": [ 0, 0, 16, 16 ], "texture": "#side", "cullface": "west" },
                "east":  { "uv": [ 0, 0, 16, 16 ], "texture": "#side", "cullface": "east" }
            }
        },
        {
			"from": [ 0, 0, 0 ],
            "to": [ 16, 16, 16 ],
            "shade": false,
            "faces": {
                "north": { "uv": [ 0, 0, 16, 16 ], "texture": "#overlay", "cullface": "north" }
            }
        }
    ]
}
