{
    "display": {
        "title": {
            "translate": "advancement.ebwizardry:armour_set"
        },
        "description": {
            "translate": "advancement.ebwizardry:armour_set.desc"
        },
        "icon": {
            "item": "ebwizardry:wizard_hat"
        }
    },
    "parent": "ebwizardry:arcane_initiate",
    "criteria": {
        "wizard_hat": {
            "trigger": "minecraft:inventory_changed",
            "conditions": {
                "items": [
                    {
                        "item": "ebwizardry:wizard_hat"
                    },
                    {
                        "item": "ebwizardry:wizard_robe"
                    },
                    {
                        "item": "ebwizardry:wizard_leggings"
                    },
                    {
                        "item": "ebwizardry:wizard_boots"
                    }
                ]
            }
        }
    }
}