{
    "display": {
        "title": {
            "translate": "advancement.ebwizardry:artefact"
        },
        "description": {
            "translate": "advancement.ebwizardry:artefact.desc"
        },
        "icon": {
            "item": "ebwizardry:ring_condensing"
        }
    },
    "parent": "ebwizardry:visit_shrine",
    "criteria": {
		"ring_condensing": {
			"trigger": "minecraft:inventory_changed",
			"conditions": {
				"items": [
					{
						"item": "ebwizardry:ring_condensing"
					}
				]
			}
		},
		"ring_siphoning": {
			"trigger": "minecraft:inventory_changed",
			"conditions": {
				"items": [
					{
						"item": "ebwizardry:ring_siphoning"
					}
				]
			}
		},
		"ring_battlemage": {
			"trigger": "minecraft:inventory_changed",
			"conditions": {
				"items": [
					{
						"item": "ebwizardry:ring_battlemage"
					}
				]
			}
		},
		"ring_combustion": {
			"trigger": "minecraft:inventory_changed",
			"conditions": {
				"items": [
					{
						"item": "ebwizardry:ring_combustion"
					}
				]
			}
		},
		"ring_fire_melee": {
			"trigger": "minecraft:inventory_changed",
			"conditions": {
				"items": [
					{
						"item": "ebwizardry:ring_fire_melee"
					}
				]
			}
		},
		"ring_fire_biome": {
			"trigger": "minecraft:inventory_changed",
			"conditions": {
				"items": [
					{
						"item": "ebwizardry:ring_fire_biome"
					}
				]
			}
		},
		"ring_disintegration": {
			"trigger": "minecraft:inventory_changed",
			"conditions": {
				"items": [
					{
						"item": "ebwizardry:ring_disintegration"
					}
				]
			}
		},
		"ring_meteor": {
			"trigger": "minecraft:inventory_changed",
			"conditions": {
				"items": [
					{
						"item": "ebwizardry:ring_meteor"
					}
				]
			}
		},
		"ring_ice_melee": {
			"trigger": "minecraft:inventory_changed",
			"conditions": {
				"items": [
					{
						"item": "ebwizardry:ring_ice_melee"
					}
				]
			}
		},
		"ring_ice_biome": {
			"trigger": "minecraft:inventory_changed",
			"conditions": {
				"items": [
					{
						"item": "ebwizardry:ring_ice_biome"
					}
				]
			}
		},
		"ring_arcane_frost": {
			"trigger": "minecraft:inventory_changed",
			"conditions": {
				"items": [
					{
						"item": "ebwizardry:ring_arcane_frost"
					}
				]
			}
		},
		"ring_shattering": {
			"trigger": "minecraft:inventory_changed",
			"conditions": {
				"items": [
					{
						"item": "ebwizardry:ring_shattering"
					}
				]
			}
		},
		"ring_lightning_melee": {
			"trigger": "minecraft:inventory_changed",
			"conditions": {
				"items": [
					{
						"item": "ebwizardry:ring_lightning_melee"
					}
				]
			}
		},
		"ring_storm": {
			"trigger": "minecraft:inventory_changed",
			"conditions": {
				"items": [
					{
						"item": "ebwizardry:ring_storm"
					}
				]
			}
		},
		"ring_seeking": {
			"trigger": "minecraft:inventory_changed",
			"conditions": {
				"items": [
					{
						"item": "ebwizardry:ring_seeking"
					}
				]
			}
		},
		"ring_hammer": {
			"trigger": "minecraft:inventory_changed",
			"conditions": {
				"items": [
					{
						"item": "ebwizardry:ring_hammer"
					}
				]
			}
		},
		"ring_stormcloud": {
			"trigger": "minecraft:inventory_changed",
			"conditions": {
				"items": [
					{
						"item": "ebwizardry:ring_stormcloud"
					}
				]
			}
		},
		"ring_soulbinding": {
			"trigger": "minecraft:inventory_changed",
			"conditions": {
				"items": [
					{
						"item": "ebwizardry:ring_soulbinding"
					}
				]
			}
		},
		"ring_leeching": {
			"trigger": "minecraft:inventory_changed",
			"conditions": {
				"items": [
					{
						"item": "ebwizardry:ring_leeching"
					}
				]
			}
		},
		"ring_necromancy_melee": {
			"trigger": "minecraft:inventory_changed",
			"conditions": {
				"items": [
					{
						"item": "ebwizardry:ring_necromancy_melee"
					}
				]
			}
		},
		"ring_mind_control": {
			"trigger": "minecraft:inventory_changed",
			"conditions": {
				"items": [
					{
						"item": "ebwizardry:ring_mind_control"
					}
				]
			}
		},
		"ring_poison": {
			"trigger": "minecraft:inventory_changed",
			"conditions": {
				"items": [
					{
						"item": "ebwizardry:ring_poison"
					}
				]
			}
		},
		"ring_earth_melee": {
			"trigger": "minecraft:inventory_changed",
			"conditions": {
				"items": [
					{
						"item": "ebwizardry:ring_earth_melee"
					}
				]
			}
		},
		"ring_earth_biome": {
			"trigger": "minecraft:inventory_changed",
			"conditions": {
				"items": [
					{
						"item": "ebwizardry:ring_earth_biome"
					}
				]
			}
		},
		"ring_full_moon": {
			"trigger": "minecraft:inventory_changed",
			"conditions": {
				"items": [
					{
						"item": "ebwizardry:ring_full_moon"
					}
				]
			}
		},
		"ring_evoker": {
			"trigger": "minecraft:inventory_changed",
			"conditions": {
				"items": [
					{
						"item": "ebwizardry:ring_evoker"
					}
				]
			}
		},
		"ring_extraction": {
			"trigger": "minecraft:inventory_changed",
			"conditions": {
				"items": [
					{
						"item": "ebwizardry:ring_extraction"
					}
				]
			}
		},
		"ring_mana_return": {
			"trigger": "minecraft:inventory_changed",
			"conditions": {
				"items": [
					{
						"item": "ebwizardry:ring_mana_return"
					}
				]
			}
		},
		"ring_blockwrangler": {
			"trigger": "minecraft:inventory_changed",
			"conditions": {
				"items": [
					{
						"item": "ebwizardry:ring_blockwrangler"
					}
				]
			}
		},
		"ring_conjurer": {
			"trigger": "minecraft:inventory_changed",
			"conditions": {
				"items": [
					{
						"item": "ebwizardry:ring_conjurer"
					}
				]
			}
		},
		"ring_defender": {
			"trigger": "minecraft:inventory_changed",
			"conditions": {
				"items": [
					{
						"item": "ebwizardry:ring_defender"
					}
				]
			}
		},
		"ring_paladin": {
			"trigger": "minecraft:inventory_changed",
			"conditions": {
				"items": [
					{
						"item": "ebwizardry:ring_paladin"
					}
				]
			}
		},
		"ring_interdiction": {
			"trigger": "minecraft:inventory_changed",
			"conditions": {
				"items": [
					{
						"item": "ebwizardry:ring_interdiction"
					}
				]
			}
		},
		"amulet_arcane_defence": {
			"trigger": "minecraft:inventory_changed",
			"conditions": {
				"items": [
					{
						"item": "ebwizardry:amulet_arcane_defence"
					}
				]
			}
		},
		"amulet_warding": {
			"trigger": "minecraft:inventory_changed",
			"conditions": {
				"items": [
					{
						"item": "ebwizardry:amulet_warding"
					}
				]
			}
		},
		"amulet_wisdom": {
			"trigger": "minecraft:inventory_changed",
			"conditions": {
				"items": [
					{
						"item": "ebwizardry:amulet_wisdom"
					}
				]
			}
		},
		"amulet_fire_protection": {
			"trigger": "minecraft:inventory_changed",
			"conditions": {
				"items": [
					{
						"item": "ebwizardry:amulet_fire_protection"
					}
				]
			}
		},
		"amulet_fire_cloaking": {
			"trigger": "minecraft:inventory_changed",
			"conditions": {
				"items": [
					{
						"item": "ebwizardry:amulet_fire_cloaking"
					}
				]
			}
		},
		"amulet_ice_immunity": {
			"trigger": "minecraft:inventory_changed",
			"conditions": {
				"items": [
					{
						"item": "ebwizardry:amulet_ice_immunity"
					}
				]
			}
		},
		"amulet_ice_protection": {
			"trigger": "minecraft:inventory_changed",
			"conditions": {
				"items": [
					{
						"item": "ebwizardry:amulet_ice_protection"
					}
				]
			}
		},
		"amulet_frost_warding": {
			"trigger": "minecraft:inventory_changed",
			"conditions": {
				"items": [
					{
						"item": "ebwizardry:amulet_frost_warding"
					}
				]
			}
		},
		"amulet_potential": {
			"trigger": "minecraft:inventory_changed",
			"conditions": {
				"items": [
					{
						"item": "ebwizardry:amulet_potential"
					}
				]
			}
		},
		"amulet_channeling": {
			"trigger": "minecraft:inventory_changed",
			"conditions": {
				"items": [
					{
						"item": "ebwizardry:amulet_channeling"
					}
				]
			}
		},
		"amulet_lich": {
			"trigger": "minecraft:inventory_changed",
			"conditions": {
				"items": [
					{
						"item": "ebwizardry:amulet_lich"
					}
				]
			}
		},
		"amulet_wither_immunity": {
			"trigger": "minecraft:inventory_changed",
			"conditions": {
				"items": [
					{
						"item": "ebwizardry:amulet_wither_immunity"
					}
				]
			}
		},
		"amulet_glide": {
			"trigger": "minecraft:inventory_changed",
			"conditions": {
				"items": [
					{
						"item": "ebwizardry:amulet_glide"
					}
				]
			}
		},
		"amulet_banishing": {
			"trigger": "minecraft:inventory_changed",
			"conditions": {
				"items": [
					{
						"item": "ebwizardry:amulet_banishing"
					}
				]
			}
		},
		"amulet_anchoring": {
			"trigger": "minecraft:inventory_changed",
			"conditions": {
				"items": [
					{
						"item": "ebwizardry:amulet_anchoring"
					}
				]
			}
		},
		"amulet_recovery": {
			"trigger": "minecraft:inventory_changed",
			"conditions": {
				"items": [
					{
						"item": "ebwizardry:amulet_recovery"
					}
				]
			}
		},
		"amulet_transience": {
			"trigger": "minecraft:inventory_changed",
			"conditions": {
				"items": [
					{
						"item": "ebwizardry:amulet_transience"
					}
				]
			}
		},
		"amulet_resurrection": {
			"trigger": "minecraft:inventory_changed",
			"conditions": {
				"items": [
					{
						"item": "ebwizardry:amulet_resurrection"
					}
				]
			}
		},
		"amulet_auto_shield": {
			"trigger": "minecraft:inventory_changed",
			"conditions": {
				"items": [
					{
						"item": "ebwizardry:amulet_auto_shield"
					}
				]
			}
		},
		"amulet_absorption": {
			"trigger": "minecraft:inventory_changed",
			"conditions": {
				"items": [
					{
						"item": "ebwizardry:amulet_absorption"
					}
				]
			}
		},
		"charm_haggler": {
			"trigger": "minecraft:inventory_changed",
			"conditions": {
				"items": [
					{
						"item": "ebwizardry:charm_haggler"
					}
				]
			}
		},
		"charm_experience_tome": {
			"trigger": "minecraft:inventory_changed",
			"conditions": {
				"items": [
					{
						"item": "ebwizardry:charm_experience_tome"
					}
				]
			}
		},
		"charm_move_speed": {
			"trigger": "minecraft:inventory_changed",
			"conditions": {
				"items": [
					{
						"item": "ebwizardry:charm_move_speed"
					}
				]
			}
		},
		"charm_spell_discovery": {
			"trigger": "minecraft:inventory_changed",
			"conditions": {
				"items": [
					{
						"item": "ebwizardry:charm_spell_discovery"
					}
				]
			}
		},
		"charm_auto_smelt": {
			"trigger": "minecraft:inventory_changed",
			"conditions": {
				"items": [
					{
						"item": "ebwizardry:charm_auto_smelt"
					}
				]
			}
		},
		"charm_lava_walking": {
			"trigger": "minecraft:inventory_changed",
			"conditions": {
				"items": [
					{
						"item": "ebwizardry:charm_lava_walking"
					}
				]
			}
		},
		"charm_storm": {
			"trigger": "minecraft:inventory_changed",
			"conditions": {
				"items": [
					{
						"item": "ebwizardry:charm_storm"
					}
				]
			}
		},
		"charm_minion_health": {
			"trigger": "minecraft:inventory_changed",
			"conditions": {
				"items": [
					{
						"item": "ebwizardry:charm_minion_health"
					}
				]
			}
		},
		"charm_minion_variants": {
			"trigger": "minecraft:inventory_changed",
			"conditions": {
				"items": [
					{
						"item": "ebwizardry:charm_minion_variants"
					}
				]
			}
		},
		"charm_undead_helmets": {
			"trigger": "minecraft:inventory_changed",
			"conditions": {
				"items": [
					{
						"item": "ebwizardry:charm_undead_helmets"
					}
				]
			}
		},
		"charm_hunger_casting": {
			"trigger": "minecraft:inventory_changed",
			"conditions": {
				"items": [
					{
						"item": "ebwizardry:charm_hunger_casting"
					}
				]
			}
		},
		"charm_flight": {
			"trigger": "minecraft:inventory_changed",
			"conditions": {
				"items": [
					{
						"item": "ebwizardry:charm_flight"
					}
				]
			}
		},
		"charm_growth": {
			"trigger": "minecraft:inventory_changed",
			"conditions": {
				"items": [
					{
						"item": "ebwizardry:charm_growth"
					}
				]
			}
		},
		"charm_abseiling": {
			"trigger": "minecraft:inventory_changed",
			"conditions": {
				"items": [
					{
						"item": "ebwizardry:charm_abseiling"
					}
				]
			}
		},
		"charm_silk_touch": {
			"trigger": "minecraft:inventory_changed",
			"conditions": {
				"items": [
					{
						"item": "ebwizardry:charm_silk_touch"
					}
				]
			}
		},
		"charm_sixth_sense": {
			"trigger": "minecraft:inventory_changed",
			"conditions": {
				"items": [
					{
						"item": "ebwizardry:charm_sixth_sense"
					}
				]
			}
		},
		"charm_stop_time": {
			"trigger": "minecraft:inventory_changed",
			"conditions": {
				"items": [
					{
						"item": "ebwizardry:charm_stop_time"
					}
				]
			}
		},
		"charm_light": {
			"trigger": "minecraft:inventory_changed",
			"conditions": {
				"items": [
					{
						"item": "ebwizardry:charm_light"
					}
				]
			}
		},
		"charm_transportation": {
			"trigger": "minecraft:inventory_changed",
			"conditions": {
				"items": [
					{
						"item": "ebwizardry:charm_transportation"
					}
				]
			}
		},
		"charm_black_hole": {
			"trigger": "minecraft:inventory_changed",
			"conditions": {
				"items": [
					{
						"item": "ebwizardry:charm_black_hole"
					}
				]
			}
		},
		"charm_mount_teleporting": {
			"trigger": "minecraft:inventory_changed",
			"conditions": {
				"items": [
					{
						"item": "ebwizardry:charm_mount_teleporting"
					}
				]
			}
		},
		"charm_feeding": {
			"trigger": "minecraft:inventory_changed",
			"conditions": {
				"items": [
					{
						"item": "ebwizardry:charm_feeding"
					}
				]
			}
		}
    },
	"requirements": [
		[
			"ring_condensing",
			"ring_siphoning",
			"ring_battlemage",
			"ring_combustion",
			"ring_fire_melee",
			"ring_fire_biome",
			"ring_disintegration",
			"ring_meteor",
			"ring_ice_melee",
			"ring_ice_biome",
			"ring_arcane_frost",
			"ring_shattering",
			"ring_lightning_melee",
			"ring_storm",
			"ring_seeking",
			"ring_hammer",
			"ring_stormcloud",
			"ring_soulbinding",
			"ring_leeching",
			"ring_necromancy_melee",
			"ring_mind_control",
			"ring_poison",
			"ring_earth_melee",
			"ring_earth_biome",
			"ring_full_moon",
			"ring_evoker",
			"ring_extraction",
			"ring_mana_return",
			"ring_blockwrangler",
			"ring_conjurer",
			"ring_defender",
			"ring_paladin",
			"ring_interdiction",
			"amulet_arcane_defence",
			"amulet_warding",
			"amulet_wisdom",
			"amulet_fire_protection",
			"amulet_fire_cloaking",
			"amulet_ice_immunity",
			"amulet_ice_protection",
			"amulet_frost_warding",
			"amulet_potential",
			"amulet_channeling",
			"amulet_lich",
			"amulet_wither_immunity",
			"amulet_glide",
			"amulet_banishing",
			"amulet_anchoring",
			"amulet_recovery",
			"amulet_transience",
			"amulet_resurrection",
			"amulet_auto_shield",
			"amulet_absorption",
			"charm_haggler",
			"charm_experience_tome",
			"charm_move_speed",
			"charm_spell_discovery",
			"charm_auto_smelt",
			"charm_lava_walking",
			"charm_storm",
			"charm_minion_health",
			"charm_minion_variants",
			"charm_undead_helmets",
			"charm_hunger_casting",
			"charm_flight",
			"charm_growth",
			"charm_abseiling",
			"charm_silk_touch",
			"charm_sixth_sense",
			"charm_stop_time",
			"charm_light",
			"charm_transportation",
			"charm_black_hole",
			"charm_mount_teleporting",
			"charm_feeding"
		]
	]
}