{
    "display": {
        "title": {
            "translate": "advancement.ebwizardry:buy_master_spell"
        },
        "description": {
            "translate": "advancement.ebwizardry:buy_master_spell.desc"
        },
        "icon": {
            "item": "ebwizardry:astral_diamond"
        },
		"frame": "goal"
    },
    "parent": "ebwizardry:wizard_trade",
    "criteria": {
        "criteria_0": {
            "trigger": "ebwizardry:trigger_buy_master_spell"
        }
    }
}