{
    "display": {
        "title": {
            "translate": "advancement.ebwizardry:crystal"
        },
        "description": {
            "translate": "advancement.ebwizardry:crystal.desc"
        },
        "icon": {
            "item": "ebwizardry:magic_crystal",
			"data": 0
        }
    },
    "parent": "ebwizardry:root",
    "criteria": {
        "criteria_0": {
            "trigger": "minecraft:inventory_changed",
            "conditions": {
                "items": [
                    {
                        "item": "ebwizardry:magic_crystal",
						"data": 0
                    }
                ]
            }
        }
    }
}