{
    "display": {
        "title": {
            "translate": "advancement.ebwizardry:defeat_evil_wizard"
        },
        "description": {
            "translate": "advancement.ebwizardry:defeat_evil_wizard.desc"
        },
        "icon": {
            "item": "ebwizardry:wizard_boots_necromancy"
        }
    },
    "parent": "ebwizardry:arcane_initiate",
    "criteria": {
        "criteria_0": {
            "trigger": "minecraft:player_killed_entity",
            "conditions": {
                "entity": { "type": "ebwizardry:evil_wizard" }
            }
        }
    }
}