{
    "display": {
        "title": {
            "translate": "advancement.ebwizardry:identify_spell"
        },
        "description": {
            "translate": "advancement.ebwizardry:identify_spell.desc"
        },
        "icon": {
            "item": "ebwizardry:identification_scroll"
        }
    },
    "parent": "ebwizardry:discover_spell",
    "criteria": {
        "criteria_0": {
            "trigger": "ebwizardry:discover_spell",
            "conditions": {
                "source": "identification_scroll"
            }
        }
    }
}