{
    "display": {
        "title": {
            "translate": "advancement.ebwizardry:visit_shrine"
        },
        "description": {
            "translate": "advancement.ebwizardry:visit_shrine.desc"
        },
        "icon": {
            "item": "ebwizardry:runestone",
            "data": 5
        }
    },
    "parent": "ebwizardry:defeat_evil_wizard",
    "criteria": {
        "criteria_0": {
            "trigger": "ebwizardry:visit_structure",
            "conditions": {
                "structure_type": "shrine"
            }
        }
    }
}