{
    "display": {
        "title": {
            "translate": "advancement.ebwizardry:wizard_tower"
        },
        "description": {
            "translate": "advancement.ebwizardry:wizard_tower.desc"
        },
        "icon": {
            "item": "minecraft:bookshelf"
        }
    },
    "parent": "ebwizardry:arcane_initiate",
    "criteria": {
        "criteria_0": {
            "trigger": "ebwizardry:visit_structure",
            "conditions": {
                "structure_type": "wizard_tower"
            }
        }
    }
}