{
	"pools": [
		{
			"name": "tomes",
			"rolls": 1,
			"entries": [
				{
                    "type": "item",
					"entryName": "apprentice_tome",
                    "name": "ebwizardry:arcane_tome",
                    "weight": 4,
                    "functions": [
                        {
                            "function": "set_data",
							"data": 1
                        }
                    ]
                },
                {
                    "type": "item",
					"entryName": "advanced_tome",
                    "name": "ebwizardry:arcane_tome",
                    "weight": 2,
                    "functions": [
                        {
                            "function": "set_data",
							"data": 2
                        }
                    ]
                },
                {
                    "type": "item",
					"entryName": "master_tome",
                    "name": "ebwizardry:arcane_tome",
                    "weight": 1,
                    "functions": [
                        {
                            "function": "set_data",
							"data": 3
                        }
                    ]
                }
			]
		}
	]
}