{
	"pools": [
		{
			"name": "crystals",
			"rolls": 1,
			"entries": [
				{
                    "type": "item",
                    "name": "ebwizardry:magic_crystal",
                    "weight": 1,
                    "functions": [
                        {
                            "function": "set_data",
                            "data": {
                                "min": 1,
                                "max": 7
                            }
                        }
                    ]
                }
			]
		}
	]
}