{
	"pools": [
		{
			"name": "epic_artefacts",
			"rolls": 1,
			"entries": [
				{
                    "type": "item",
                    "name": "ebwizardry:ring_combustion",
                    "weight": 1
                },
				{
                    "type": "item",
                    "name": "ebwizardry:ring_arcane_frost",
                    "weight": 1
                },
				{
                    "type": "item",
                    "name": "ebwizardry:ring_seeking",
                    "weight": 1
                },
				{
                    "type": "item",
                    "name": "ebwizardry:ring_hammer",
                    "weight": 1
                },
				{
					"type": "item",
					"name": "ebwizardry:ring_soulbinding",
					"weight": 1
				},
				{
                    "type": "item",
                    "name": "ebwizardry:ring_mana_return",
                    "weight": 1
                },
				{
                    "type": "item",
                    "name": "ebwizardry:ring_interdiction",
                    "weight": 1
                },
				{
					"type": "item",
					"name": "ebwizardry:amulet_ice_immunity",
					"weight": 1
				},
				{
					"type": "item",
					"name": "ebwizardry:amulet_wither_immunity",
					"weight": 1
				},
				{
                    "type": "item",
                    "name": "ebwizardry:amulet_glide",
                    "weight": 1
                },
				{
                    "type": "item",
                    "name": "ebwizardry:amulet_resurrection",
                    "weight": 1
                },
				{
					"type": "item",
					"name": "ebwizardry:amulet_absorption",
					"weight": 1
				},
				{
                    "type": "item",
                    "name": "ebwizardry:charm_experience_tome",
                    "weight": 1
                },
				{
					"type": "item",
					"name": "ebwizardry:charm_lava_walking",
					"weight": 1
				},
				{
                    "type": "item",
                    "name": "ebwizardry:charm_silk_touch",
                    "weight": 1
                },
				{
                    "type": "item",
                    "name": "ebwizardry:charm_stop_time",
                    "weight": 1
                },
				{
					"type": "item",
					"name": "ebwizardry:charm_black_hole",
					"weight": 1
				}
			]
		}
	]
}