{
    "pools": [
        {
			"name": "wizardry",
            "rolls": {
                "min": 1,
                "max": 3
            },
            "entries": [
				{
                    "type": "loot_table",
                    "name": "ebwizardry:subsets/elemental_crystals",
                    "weight": 6
                },
				{
                    "type": "loot_table",
                    "name": "ebwizardry:subsets/wizard_armour",
                    "weight": 10
                },
				{
                    "type": "loot_table",
                    "name": "ebwizardry:subsets/arcane_tomes",
                    "weight": 8
                },
				{
                    "type": "loot_table",
                    "name": "ebwizardry:subsets/wand_upgrades",
                    "weight": 4
                },
                {
                    "type": "item",
                    "name": "ebwizardry:magic_crystal",
                    "weight": 10,
					"functions": [
						{
							"function": "set_count",
                            "count": {
                                "min": 1,
                                "max": 4
                            }
						}
					]
                },
                {
                    "type": "item",
                    "name": "ebwizardry:spell_book",
                    "weight": 40,
                    "functions": [
                        {
                            "function": "ebwizardry:random_spell",
                            "undiscovered_bias": 0.3
                        }
                    ]
                },
                {
                    "type": "item",
                    "name": "ebwizardry:scroll",
                    "weight": 14,
                    "functions": [
                        {
                            "function": "ebwizardry:random_spell",
                            "undiscovered_bias": 0.3
                        },
                        {
                            "function": "set_count",
                            "count": {
                                "min": 1,
                                "max": 5
                            }
                        }
                    ]
                },
                {
                    "type": "item",
                    "name": "ebwizardry:identification_scroll",
                    "weight": 6
                },
                {
                    "type": "item",
                    "name": "ebwizardry:firebomb",
                    "weight": 8
                },
                {
                    "type": "item",
                    "name": "ebwizardry:poison_bomb",
                    "weight": 8
                },
                {
                    "type": "item",
                    "name": "ebwizardry:smoke_bomb",
                    "weight": 8
                },
                {
                    "type": "item",
                    "name": "ebwizardry:spark_bomb",
                    "weight": 8
                },
                {
                    "type": "item",
                    "name": "ebwizardry:armour_upgrade",
                    "weight": 1
                },
                {
                    "type": "item",
                    "name": "ebwizardry:astral_diamond",
                    "weight": 2
                },
                {
                    "type": "item",
                    "name": "ebwizardry:purifying_elixir",
                    "weight": 1
                },
                {
                    "type": "item",
                    "name": "ebwizardry:grand_crystal",
                    "weight": 2
                }
            ]
        }
    ]
}